,Date,Unix,Ticker,DE Ratio,Price,stock_p_change,SP500,sp500_p_change,Difference
0,2007-07-11 05:59:28,1184151568.0,ctas,0.43,40.02,0.0,1518.76,0.0,0.0
1,2006-02-28 20:38:59,1141180739.0,ctas,0.216,41.15,2.82358820589704,1280.66,-15.677263030366873,18.500851236263912
2,2005-04-20 15:38:44,1114029524.0,ctas,0.227,39.25,-1.9240379810095027,1137.5,-25.103373804946138,23.179335823936636
3,2005-02-22 13:02:43,1109098963.0,ctas,0.231,43.99,9.92003998000999,1184.16,-22.03113065922199,31.951170639231982
4,2013-04-26 17:42:40,1367016160.0,ctas,61.46,44.65,11.569215392303835,1582.24,4.179725565592985,7.38948982671085
5,2006-10-23 13:27:49,1161628069.0,ctas,0.418,41.3,3.1984007996001846,1377.02,-9.33261344781269,12.531014247412875
6,2004-10-26 07:45:57,1098794757.0,ctas,0.247,41.57,3.8730634682658596,1111.09,-26.842292396428668,30.715355864694526
7,2005-09-06 22:33:10,1126063990.0,ctas,0.225,40.75,1.824087956021981,1233.39,-18.789670520687924,20.613758476709904
8,2006-09-05 15:34:29,1157488469.0,ctas,0.383,38.0,-5.047476261869073,1313.25,-13.53143353788617,8.483957276017097
9,2006-02-19 17:57:09,1140393429.0,vz,0.983,34.78,0.0,1289.38,0.0,0.0
10,2008-11-02 21:33:44,1225683224.0,vz,0.879,29.67,-14.692351926394478,954.09,-26.003970900742996,11.311618974348518
11,2012-10-24 21:51:21,1351133481.0,vz,57.0,44.23,27.170787809085667,1408.75,9.25793792365322,17.912849885432447
12,2007-05-29 16:49:14,1180475354.0,vz,0.711,42.89,23.31799884991374,1518.11,17.7395337293893,5.578465120524438
13,2011-09-02 15:03:39,1314993819.0,vz,59.51,35.73,2.731454859114421,1173.97,-8.950813569312388,11.68226842842681
14,2012-04-22 04:43:53,1335087833.0,vz,64.2,38.73,11.357101782633684,1376.92,6.789309590655971,4.567792191977714
15,2012-01-01 14:15:14,1325448914.0,vz,62.75,40.12,15.35365152386428,1263.02,-2.0443934294001864,17.398044953264467
16,2012-06-20 20:46:19,1340243179.0,vz,58.35,43.3,24.496837262794696,1355.6899,5.142774046440922,19.354063216353772
17,2005-02-25 16:05:48,1109369148.0,vz,1.045,35.96,3.3927544565842425,1211.37,-6.050194667204409,9.442949123788651
18,2005-01-17 01:53:02,1105948382.0,vz,1.152,36.84,5.922944220816567,1184.52,-8.132590857621501,14.05553507843807
19,2007-04-29 10:38:55,1177861135.0,vz,0.749,37.89,8.9419206440483,1494.25,15.889031937830575,-6.9471112937822745
20,2004-06-28 23:14:22,1088482462.0,vz,1.327,35.96,3.3927544565842425,1133.35,-12.101164900960166,15.493919357544408
21,2011-11-19 05:42:29,1321702949.0,vz,62.75,36.46,4.830362277170787,1236.91,-4.069397695016211,8.899759972186999
22,2003-10-03 01:05:53,1065161153.0,vz,1.43,33.28,-4.312823461759631,1029.85,-20.12827870759591,15.81545524583628
23,2004-04-14 16:43:18,1081978998.0,vz,1.356,37.2,6.958021851638878,1128.17,-12.502908374567623,19.4609302262065
24,2003-12-08 15:05:01,1070917501.0,vz,1.294,33.32,-4.197814836112711,1069.3,-17.068668662457938,12.870853826345227
25,2007-10-24 16:35:58,1193261758.0,vz,0.653,43.77,25.848188614146068,1515.88,17.56658238843475,8.281606225711318
26,2008-12-20 19:10:18,1229821818.0,vz,0.879,33.19,-4.57159286946522,904.42,-29.856209961376795,25.284617091911574
27,2007-03-11 21:08:19,1173665299.0,vz,0.749,36.45,4.801610120759062,1401.89,8.725899269416306,-3.9242891486572447
28,2004-12-09 07:57:30,1102600650.0,vz,1.152,41.35,18.89016676250719,1189.24,-7.766523445376855,26.656690207884044
29,2007-06-29 14:18:11,1183144691.0,vz,0.711,41.11,18.20011500862564,1503.35,16.59479749957342,1.6053175090522203
30,2007-05-02 00:44:15,1178084655.0,vz,0.749,38.51,10.72455434157561,1495.92,16.018551551908665,-5.293997210333055
31,2006-06-17 09:12:49,1150553569.0,vz,0.962,32.54,-6.4404830362277234,1230.04,-4.6022119158045065,-1.838271120423217
32,2007-07-03 16:01:29,1183496489.0,vz,0.711,41.84,20.299022426682008,1524.87,18.26381671811256,2.035205708569446
33,2013-09-06 01:19:11,1378448351.0,vz,57.08,46.64,34.10005750431282,1655.17,28.369448882408594,5.730608621904228
34,2013-02-06 09:42:13,1360165333.0,vz,60.78,44.56,28.119608970672804,1512.12,17.274969365121205,10.844639605551599
35,2013-04-25 05:46:09,1366886769.0,vz,60.38,51.8,48.936170212765944,1585.16,22.93970745629682,25.996462756469125
36,2005-05-27 22:34:02,1117251242.0,vz,1.032,35.46,1.955146635997699,1198.78,-7.026632955373911,8.981779591371609
37,2011-04-25 20:49:06,1303782546.0,vz,60.74,36.99,6.354226566992526,1335.25,3.557523771114791,2.7967027958777355
38,2006-04-27 11:39:37,1146155977.0,vz,0.983,33.08,-4.887866589994258,1309.72,1.577502365477975,-6.465368955472233
39,2012-03-24 04:02:39,1332579759.0,vz,64.2,39.42,13.34100057504313,1402.89,8.803455924552885,4.537544650490245
40,2008-01-23 16:07:51,1201126071.0,vz,0.633,36.6,5.232892466935021,1338.6,3.8173385658223173,1.4155539011127036
41,2005-04-03 21:33:08,1112581988.0,vz,1.045,35.19,1.1788384128809564,1180.59,-8.437388512308255,9.616226925189212
42,2005-04-27 12:08:14,1114621694.0,gme,0.067,24.58,0.0,1156.38,0.0,0.0
43,2007-03-12 20:00:18,1173747618.0,gme,0.721,54.71,122.57933279088691,1406.6,21.638215811411456,100.94111697947545
44,2013-05-21 06:58:47,1369137527.0,gme,"<td class=""yfnc_tabledata1"">N/A",38.76,57.689178193653376,1669.16,44.34355488680191,13.345623306851465
45,2004-09-28 01:55:00,1096354500.0,gme,0.0,17.92,-27.09519934906427,1110.0601,-4.005595046610991,-23.089604302453278
46,2013-04-22 01:30:37,1366612237.0,gme,"<td class=""yfnc_tabledata1"">N/A",32.73,33.157038242473554,1562.5,35.119943271243,-1.9629050287694483
47,2007-04-04 22:40:49,1175744449.0,gme,0.622,32.98,34.17412530512611,1439.37,24.47205935765058,9.702065947475532
48,2012-11-04 02:12:01,1352016721.0,gme,"<td class=""yfnc_tabledata1"">N/A",23.81,-3.1326281529698927,1427.59,23.453363081340026,-26.58599123430992
49,2007-12-21 22:09:27,1198296567.0,gme,0.344,61.45,150.00000000000003,1484.46,28.371296632594813,121.62870336740522
50,2009-05-30 20:15:01,1243732501.0,gme,"<td class=""yfnc_tabledata1"">N/A",24.95,1.5052888527257975,893.06,-22.771061415797586,24.276350268523384
51,2012-12-24 00:30:38,1356330638.0,gme,"<td class=""yfnc_tabledata1"">N/A",25.57,4.027664768104159,1426.66,23.372939691104996,-19.345274923000837
52,2012-03-16 04:45:49,1331891149.0,gme,4.21,23.81,-3.1326281529698927,1404.17,21.42807727563603,-24.560705428605925
53,2007-10-31 12:13:05,1193850785.0,gme,0.457,57.5,133.93002441008952,1549.38,33.98536813158304,99.94465627850647
54,2004-04-23 18:18:58,1082762338.0,gme,0.0,18.17,-26.078112286411702,1140.6,-1.3646033310849546,-24.71350895532675
55,2005-01-19 18:07:59,1106179679.0,gme,0.147,19.55,-20.463791700569562,1184.63,2.4429685743440737,-22.906760274913637
56,2007-01-29 05:34:00,1170070440.0,gme,0.721,52.25,112.57119609438568,1420.62,22.85062003839566,89.72057605599002
57,2009-09-16 21:33:56,1253154836.0,gme,"<td class=""yfnc_tabledata1"">N/A",25.82,5.044751830756721,1068.76,-7.57709403483285,12.62184586558957
58,2012-01-11 04:22:41,1326277361.0,gme,4.21,24.23,-1.4239218877135797,1292.48,11.769487538698343,-13.193409426411922
59,2007-05-29 01:19:38,1180419578.0,gme,0.506,35.79,45.60618388934093,1518.11,31.28123973088429,14.324944158456642
60,2004-09-07 03:17:44,1094545064.0,pom,2.012,20.35,0.0,1121.3,0.0,0.0
61,2013-05-10 16:25:35,1368221135.0,pom,136.58,21.66,6.437346437346431,1633.7,45.69695888700616,-39.25961244965973
62,2005-05-11 00:22:35,1115788955.0,pom,1.729,22.03,8.255528255528253,1171.11,4.442165343797373,3.81336291173088
63,2011-05-09 06:48:37,1304941717.0,pom,110.46,19.55,-3.9312039312039344,1346.29,20.065103005440115,-23.99630693664405
64,2013-04-22 02:02:57,1366614177.0,pom,124.34,21.92,7.714987714987716,1562.5,39.3471863016142,-31.632198586626487
65,2005-02-12 03:37:44,1108201064.0,pom,1.726,22.79,11.990171990171978,1191.99,6.304289663783114,5.685882326388865
66,2004-10-26 09:34:13,1098801253.0,pom,2.012,20.44,0.44226044226044153,1111.09,-0.9105502541692712,1.3528106964297126
67,2003-12-15 02:04:13,1071475453.0,pom,2.102,18.47,-9.23832923832925,1068.04,-4.749843931151341,-4.488485307177909
68,2006-07-21 00:48:13,1153460893.0,amzn,3.873,34.18,0.0,1240.29,0.0,0.0
69,2004-08-10 03:01:36,1092124896.0,amzn,"<td class=""yfnc_tabledata1"">N/A",35.32,3.3352837916910487,1079.04,-13.000991703553202,16.33627549524425
70,2006-04-27 00:52:34,1146117154.0,amzn,6.163,35.79,4.71035693387946,1309.72,5.597884365753176,-0.8875274318737159
71,2006-02-23 09:44:33,1140709473.0,amzn,6.163,38.72,13.282621416032766,1287.79,3.8297494940699353,9.452871921962831
72,2006-04-12 04:41:14,1144834874.0,amzn,6.163,36.06,5.500292568753665,1288.12,3.856356174765573,1.6439363939880915
73,2006-08-23 07:39:00,1156336740.0,amzn,3.457,28.37,-16.998244587478055,1292.99,4.249006280789174,-21.24725086826723
74,2006-11-29 13:23:14,1164828194.0,amzn,6.633,40.92,19.71913399648918,1399.48,12.834901514968278,6.884232481520902
75,2006-02-19 10:32:08,1140366728.0,amzn,6.183,39.19,14.657694558221177,1289.38,3.9579453192398666,10.69974923898131
76,2012-07-15 18:35:49,1342395349.0,amzn,"<td class=""yfnc_tabledata1"">N/A",218.39,538.9409011117613,1334.76,7.616767046416566,531.3241340653447
77,2006-02-25 08:49:02,1140878942.0,amzn,6.163,38.35,12.200117027501468,1292.67,4.223205863144919,7.976911164356549
78,2008-12-18 07:28:53,1229606933.0,amzn,0.172,53.18,55.58806319485079,885.28,-28.623144587153003,84.2112077820038
79,2006-12-25 17:22:55,1167088975.0,amzn,6.633,40.24,17.729666471620835,1410.76,13.744366236928462,3.9853002346923727
80,2013-02-06 13:03:37,1360177417.0,amzn,53.53,266.89,680.8367466354592,1512.12,21.916648525748005,658.9200981097113
81,2006-04-10 01:57:57,1144652277.0,amzn,6.163,37.09,8.513750731421894,1296.62,4.541679768441246,3.9720709629806477
82,2006-04-15 15:48:17,1145134097.0,amzn,6.163,36.62,7.138677589233463,1288.12,3.856356174765573,3.2823214144678903
83,2005-04-23 21:39:55,1114310395.0,amzn,"<td class=""yfnc_tabledata1"">N/A",33.04,-3.3352837916910487,1137.5,-8.287577905167337,4.952294113476288
84,2012-03-30 00:18:24,1333084704.0,amzn,23.33,204.61,498.6249268578116,1408.47,13.559731998161725,485.06519485964986
85,2005-02-23 04:40:38,1109155238.0,amzn,"<td class=""yfnc_tabledata1"">N/A",34.72,1.5798712697483883,1190.8,-3.990195841295182,5.570067111043571
86,2005-04-03 16:48:09,1112564889.0,amzn,"<td class=""yfnc_tabledata1"">N/A",34.01,-0.497366881217091,1180.59,-4.813390416757375,4.3160235355402845
87,2006-02-07 03:23:43,1139304223.0,amzn,254.167,37.95,11.029842012873035,1254.78,1.1682751614541769,9.861566851418857
88,2007-01-06 06:48:17,1168087697.0,amzn,6.633,38.37,12.258630778232877,1416.6,14.215223858936213,-1.9565930807033354
89,2012-09-23 17:28:25,1348439305.0,amzn,"<td class=""yfnc_tabledata1"">N/A",257.47,653.2767700409597,1460.26,17.735368341275027,635.5414016996847
90,2012-10-12 08:17:27,1350047847.0,amzn,"<td class=""yfnc_tabledata1"">N/A",244.22,614.5114101813925,1428.59,15.181933257544603,599.3294769238479
91,2006-07-05 01:58:44,1152082724.0,amzn,3.873,38.61,12.960795787009946,1270.91,2.4687774633351975,10.492018323674749
92,2008-01-23 23:19:22,1201151962.0,amzn,1.673,73.97,116.41310708016384,1338.6,7.926372058147687,108.48673502201615
93,2013-09-05 21:27:13,1378434433.0,amzn,34.83,294.1,760.4447045055589,1655.08,33.44298510832144,727.0017193972375
94,2006-03-02 04:39:19,1141295959.0,amzn,6.163,37.12,8.60152135751901,1289.14,3.938595006006671,4.662926351512339
95,2006-09-03 04:44:17,1157276657.0,amzn,"<td class=""yfnc_tabledata1"">N/A",31.76,-7.080163838502044,1303.8199,5.122181102806602,-12.202344941308645
96,2006-02-21 13:18:40,1140549520.0,amzn,6.183,39.19,14.657694558221177,1283.03,3.4459682816115595,11.211726276609618
97,2003-10-03 18:48:40,1065224920.0,amzn,"<td class=""yfnc_tabledata1"">N/A",53.02,55.119953188999425,1029.85,-16.966999653306893,72.08695284230632
98,2013-05-08 15:04:22,1368043462.0,amzn,36.05,259.15,658.191925102399,1632.6899,31.637754073644075,626.5541710287549
99,2006-07-06 00:02:41,1152162161.0,amzn,3.873,37.11,8.572264482153304,1274.08,2.7243628506236415,5.847901631529663
100,2011-09-02 09:34:35,1314974075.0,amzn,"<td class=""yfnc_tabledata1"">N/A",212.54,521.8256290228203,1173.97,-5.347136556773008,527.1727655795933
101,2004-12-04 17:35:28,1102203328.0,amzn,"<td class=""yfnc_tabledata1"">N/A",40.09,17.290813341135177,1191.37,-3.9442388473663477,21.235052188501523
102,2006-04-24 14:57:02,1145908622.0,amzn,6.163,35.75,4.593329432416619,1308.11,5.46807601448048,-0.8747465820638611
103,2012-01-01 09:16:25,1325430985.0,amzn,"<td class=""yfnc_tabledata1"">N/A",173.1,406.43651258045634,1263.02,1.8326359157938885,404.60387666466244
104,2004-10-13 06:58:54,1097668734.0,amzn,"<td class=""yfnc_tabledata1"">N/A",40.22,17.671152720889406,1113.65,-10.210515282716129,27.881668003605533
105,2011-10-05 01:25:54,1317795954.0,amzn,"<td class=""yfnc_tabledata1"">N/A",212.5,521.7086015213575,1144.03,-7.761088132614146,529.4696896539717
106,2006-08-22 12:09:59,1156266599.0,amzn,3.457,28.13,-17.700409596255124,1298.8199,4.71904957711503,-22.419459173370154
107,2012-02-02 11:19:55,1328203195.0,amzn,"<td class=""yfnc_tabledata1"">N/A",179.46,425.0438853130485,1325.54,6.873392513041305,418.1704928000072
108,2008-10-27 10:05:36,1225119936.0,amzn,0.172,48.96,43.24166179052077,848.92,-31.554717041982116,74.79637883250288
109,2009-09-18 11:21:06,1253290866.0,amzn,"<td class=""yfnc_tabledata1"">N/A",90.44,164.59918080748977,1068.3,-13.8669182207387,178.46609902822848
110,2006-06-15 23:16:47,1150431407.0,amzn,3.873,34.96,2.282036278525457,1256.16,1.2795394625450596,1.0024968159803975
111,2006-04-17 15:02:00,1145304120.0,amzn,6.163,36.01,5.3540081919250975,1285.33,3.6314087834296784,1.722599408495419
112,2006-04-27 23:55:15,1146200115.0,amzn,6.163,35.74,4.564072557050914,1309.72,5.597884365753176,-1.0338118087022616
113,2006-07-20 00:11:22,1153372282.0,amzn,3.873,34.48,0.8777062609713199,1249.13,0.7127365374227113,0.16496972354860862
114,2006-12-15 07:54:15,1166190855.0,amzn,6.633,39.02,14.160327677004107,1427.09,15.060993799837133,-0.9006661228330266
115,2006-04-12 16:23:51,1144877031.0,amzn,6.163,36.32,6.260971328262144,1288.12,3.856356174765573,2.404615153496571
116,2006-12-10 09:38:13,1165765093.0,amzn,6.633,38.46,12.521942656524288,1407.29,13.464592958098509,-0.9426503015742203
117,2011-11-18 21:59:56,1321675196.0,amzn,"<td class=""yfnc_tabledata1"">N/A",197.14,476.7700409596254,1215.65,-1.9866321586080573,478.7566731182335
118,2006-07-18 12:33:57,1153244037.0,amzn,3.873,33.67,-1.4921006436512523,1236.86,-0.27654822662442363,-1.2155524170268286
119,2006-07-18 06:44:14,1153223054.0,amzn,3.873,33.67,-1.4921006436512523,1236.86,-0.27654822662442363,-1.2155524170268286
120,2005-02-04 09:33:54,1107531234.0,amzn,"<td class=""yfnc_tabledata1"">N/A",35.75,4.593329432416619,1203.03,-3.004136129453595,7.597465561870214
121,2009-01-05 12:03:14,1231178594.0,amzn,0.172,54.36,59.04037448800467,927.45,-25.22313329947028,84.26350778747495
122,2011-11-02 04:10:49,1320225049.0,amzn,"<td class=""yfnc_tabledata1"">N/A",212.1,520.538326506729,1237.9,-0.1926968692805612,520.7310233760096
123,2006-07-18 01:57:56,1153205876.0,amzn,3.873,33.67,-1.4921006436512523,1236.86,-0.27654822662442363,-1.2155524170268286
124,2005-03-06 14:36:48,1110141408.0,cnp,17.622,12.47,0.0,1210.47,0.0,0.0
125,2005-02-05 01:03:46,1107587026.0,cnp,17.622,11.91,-4.490777866880517,1193.1899,-1.4275529339843158,-3.063224932896201
126,2013-05-23 18:24:38,1369351478.0,cnp,210.71,23.86,91.33921411387328,1650.51,36.35282163126719,54.98639248260609
127,2011-09-25 19:57:36,1316998656.0,cnp,274.28,18.97,52.12510024057737,1129.5601,-6.684172263666188,58.80927250424355
128,2007-03-24 17:55:26,1174776926.0,cnp,5.904,18.2,45.95028067361667,1435.04,18.552297867770363,27.397982805846304
129,2008-02-01 08:49:37,1201877377.0,cnp,5.585,15.99,28.227746591820363,1395.42,15.279189075317856,12.948557516502508
130,2003-12-14 20:04:17,1071453857.0,cnp,7.052,9.35,-25.02004811547715,1071.21,-11.504622171553198,-13.515425943923951
131,2013-04-22 03:06:55,1366618015.0,cat,228.37,80.43,0.0,1562.5,0.0,0.0
132,2005-02-04 04:32:23,1107513143.0,cat,3.118,91.8,14.136516225289059,1203.03,-23.00608,37.14259622528906
133,2008-01-23 15:52:20,1201125140.0,cat,3.189,63.8,-20.676364540594317,1338.6,-14.329600000000006,-6.346764540594311
134,2011-11-08 07:18:14,1320758294.0,cat,233.25,95.0,18.115131169961447,1275.92,-18.341119999999993,36.45625116996144
135,2006-04-21 11:12:24,1145635944.0,cat,3.053,77.97,-3.0585602387169066,1311.28,-16.078080000000003,13.019519761283096
136,2013-02-06 09:08:04,1360163284.0,cat,228.32,98.44,22.392142235484258,1512.12,-3.2243200000000067,25.616462235484263
137,2006-09-04 01:25:18,1157351118.0,cat,228.32,67.27,-16.362053959965202,1311.01,-16.09536,-0.2666939599652025
138,2011-09-03 08:40:17,1315057217.0,cat,247.48,85.38,6.154419992540083,1218.89,-21.99103999999999,28.145459992540076
139,2008-10-28 20:07:37,1225242457.0,cat,3.542,34.9,-56.6082307596668,940.51,-39.80736,-16.8008707596668
140,2013-05-12 19:32:38,1368405158.0,cat,221.07,88.62,10.182767624020885,1626.67,4.106880000000005,6.07588762402088
141,2003-11-08 10:42:46,1068309766.0,cat,2.976,72.57,-9.772472957851564,1051.8101,-32.6841536,22.91168064214844
142,2008-10-26 22:51:22,1225079482.0,cat,3.542,33.3,-58.59753823200299,908.11,-41.88096,-16.716578232002988
143,2007-04-07 14:35:58,1175974558.0,cat,3.98,67.63,-15.914459778689558,1439.37,-7.880320000000007,-8.03413977868955
144,2006-10-23 12:38:01,1161625081.0,cat,3.161,59.0,-26.64428695760289,1377.02,-11.870720000000002,-14.773566957602888
145,2007-04-27 09:10:35,1177683035.0,cat,3.651,73.0,-9.237846574661205,1494.0699,-4.379526400000002,-4.858320174661203
146,2007-02-17 21:38:28,1171769908.0,cat,3.98,67.67,-15.864727091881145,1455.3,-6.860800000000003,-9.003927091881142
147,2007-03-01 01:57:50,1172735870.0,cat,3.98,64.43,-19.893074723361927,1403.17,-10.197119999999996,-9.69595472336193
148,2007-03-04 15:30:52,1173043852.0,cat,3.98,63.04,-21.621285589954006,1403.17,-10.197119999999996,-11.42416558995401
149,2007-03-29 10:29:11,1175182151.0,cat,3.98,66.24,-17.642670645281626,1422.53,-8.958080000000002,-8.684590645281624
150,2005-01-25 09:39:53,1106667593.0,cat,3.172,88.12,9.561109038915824,1168.41,-25.221759999999993,34.78286903891582
151,2007-07-03 16:00:35,1183496435.0,cat,3.651,77.84,-3.2201914708442163,1524.87,-2.408320000000007,-0.8118714708442094
152,2006-06-16 13:07:53,1150481273.0,cat,2.886,70.85,-11.910978490612969,1251.54,-19.901440000000004,7.9904615093870355
153,2007-10-14 02:51:55,1192348315.0,cat,3.519,80.3,-0.1616312321273277,1554.41,-0.5177599999999948,0.3561287678726671
154,2004-04-13 08:09:47,1081861787.0,cat,3.26,83.75,4.127813005097591,1129.4399,-27.715846399999993,31.843659405097583
155,2008-12-19 22:55:42,1229748942.0,cat,3.542,42.69,-46.92279000372996,887.88,-43.17568,-3.747110003729958
156,2012-11-23 04:27:41,1353666461.0,cat,222.26,83.05,3.2574909859505037,1409.15,-9.814399999999994,13.071890985950498
157,2012-05-20 21:07:15,1337566035.0,cat,232.43,88.68,10.257366654233493,1304.86,-16.488960000000006,26.7463266542335
158,2008-12-18 02:31:11,1229589071.0,cat,3.542,44.65,-44.48588835011812,885.28,-43.34208,-1.143808350118114
159,2007-03-12 18:34:27,1173742467.0,cat,3.98,64.39,-19.942807410170342,1406.6,-9.977600000000006,-9.965207410170336
160,2007-06-29 15:22:17,1183148537.0,cat,3.651,78.94,-1.8525425836130909,1503.35,-3.785600000000006,1.933057416386915
161,2012-11-16 12:42:01,1353091321.0,cat,222.26,81.3,1.0816859380827928,1359.88,-12.967679999999993,14.049365938082785
162,2007-01-13 03:58:55,1168682335.0,cat,3.036,59.74,-25.7242322516474,1414.85,-9.449600000000006,-16.274632251647397
163,2012-03-10 09:16:00,1331392560.0,cat,258.16,110.22,37.03841850055948,1352.63,-13.431679999999993,50.47009850055947
164,2007-05-27 15:37:35,1180298255.0,cat,3.651,75.71,-5.8684570433917855,1507.51,-3.5193600000000007,-2.349097043391785
165,2012-01-02 19:36:40,1325554600.0,cat,233.25,90.6,12.644535621036908,1257.6,-19.513600000000007,32.15813562103692
166,2007-02-08 05:05:06,1170932706.0,cat,3.98,65.64,-18.38866094740769,1448.3101,-7.308153600000004,-11.080507347407686
167,2005-05-18 10:55:54,1116431754.0,cat,3.154,91.96,14.335446972522673,1185.5601,-24.124153600000007,38.45960057252268
168,2005-03-21 07:27:48,1111411668.0,cat,3.151,96.4,19.855775208255622,1183.78,-24.23808,44.09385520825562
169,2004-10-23 05:48:06,1098528486.0,cat,3.172,77.34,-3.8418500559492768,1103.66,-29.365759999999995,25.52390994405072
170,2012-07-19 10:15:20,1342710920.0,cat,232.43,82.52,2.5985328857391385,1376.51,-11.903360000000001,14.501892885739139
171,2008-12-17 02:12:01,1229501521.0,aapl,"<td class=""yfnc_tabledata1"">N/A",95.43,0.0,904.42,0.0,0.0
172,2013-04-23 03:01:29,1366704089.0,aapl,"<td class=""yfnc_tabledata1"">N/A",398.67,317.7617101540396,1578.78,74.56270316888171,243.19900698515787
173,2008-10-27 05:55:02,1225104902.0,aapl,"<td class=""yfnc_tabledata1"">N/A",96.38,0.9954940794299366,848.92,-6.136529488511975,7.1320235679419115
174,2011-10-14 06:15:31,1318590931.0,aapl,"<td class=""yfnc_tabledata1"">N/A",408.43,327.9891019595515,1224.58,35.39948254129718,292.5896194182543
175,2011-09-02 04:10:00,1314954600.0,aapl,"<td class=""yfnc_tabledata1"">N/A",381.03,299.2769569317824,1173.97,29.803631056367625,269.4733258754148
176,2011-09-24 00:15:37,1316841337.0,aapl,"<td class=""yfnc_tabledata1"">N/A",404.3,323.6613224352929,1166.76,29.006435063355525,294.6548873719374
177,2012-10-21 05:19:34,1350814774.0,aapl,"<td class=""yfnc_tabledata1"">N/A",609.84,539.0443256837474,1457.34,61.135313239424164,477.90901244432325
178,2004-08-10 02:02:44,1092121364.0,aapl,0.0,30.3,-68.24897830870796,1079.04,19.30740142853984,-87.5563797372478
179,2004-10-12 05:40:57,1097577657.0,aapl,0.0,38.59,-59.56198260505082,1121.84,24.03971606112204,-83.60169866617287
180,2004-12-04 14:16:51,1102191411.0,aapl,0.0,62.68,-34.31834852771666,1191.37,31.72751597709028,-66.04586450480694
181,2012-10-11 20:20:07,1350004807.0,aapl,"<td class=""yfnc_tabledata1"">N/A",628.1,558.1787697788956,1432.84,58.426394816567516,499.7523749623281
182,2013-01-20 19:31:49,1358731909.0,aapl,"<td class=""yfnc_tabledata1"">N/A",500.0,423.9442523315519,1480.9399,63.74470931646803,360.1995430150839
183,2005-12-17 11:55:53,1134842153.0,aapl,0.0,71.11,-25.484648433406694,1272.74,40.72444218394109,-66.20909061734778
184,2011-10-08 05:59:01,1318071541.0,aapl,"<td class=""yfnc_tabledata1"">N/A",369.8,287.50916902441577,1144.03,26.493222175537916,261.01594684887783
185,2008-12-03 23:41:54,1228369314.0,aapl,"<td class=""yfnc_tabledata1"">N/A",95.9,0.4925075971916576,870.74,-3.7239335706861802,4.2164411678778375
186,2009-11-12 14:53:38,1258059218.0,aapl,"<td class=""yfnc_tabledata1"">N/A",204.096,113.86985224772084,1087.24,20.214059839455125,93.65579240826571
187,2013-05-16 23:28:32,1368764912.0,aapl,"<td class=""yfnc_tabledata1"">N/A",434.58,355.39138635649164,1650.47,82.48933017845692,272.90205617803474
188,2004-02-03 07:33:34,1075815214.0,aapl,0.07,22.32,-76.61112857591952,1136.03,25.60867738440106,-102.21980596032058
189,2012-05-15 15:13:11,1337112791.0,aapl,"<td class=""yfnc_tabledata1"">N/A",559.26,486.0421251178874,1330.66,47.12854647177198,438.9135786461154
190,2012-01-08 08:59:52,1326034792.0,aapl,"<td class=""yfnc_tabledata1"">N/A",422.4,342.628104369695,1281.0601,41.64437982353331,300.9837245461617
191,2011-05-22 15:41:19,1306096879.0,aapl,"<td class=""yfnc_tabledata1"">N/A",335.22,251.27318453316568,1343.6,48.559297671435836,202.71388686172983
192,2003-12-07 10:36:10,1070814970.0,aapl,0.072,20.85,-78.1515246777743,1069.72,18.276906746865404,-96.42843142463971
193,2008-10-29 21:14:51,1225332891.0,aapl,"<td class=""yfnc_tabledata1"">N/A",104.55,9.556743162527496,930.09,2.8382830985604115,6.718460063967084
194,2004-06-03 01:20:38,1086243638.0,aapl,0.0,28.92,-69.69506444514305,1116.64,23.464761946883105,-93.15982639202615
195,2006-02-17 15:01:01,1140210061.0,aapl,"
<td class=""yfnc_tabledata1"">0",70.21,-26.427748087603494,1287.24,42.327679617876655,-68.75542770548014
196,2006-02-03 13:49:59,1138996199.0,aapl,"
<td class=""yfnc_tabledata1"">0",72.1,-24.44723881379022,1264.03,39.76139404259084,-64.20863285638106
197,2008-10-31 22:34:03,1225510443.0,aapl,"<td class=""yfnc_tabledata1"">N/A",107.59,12.742324216703338,968.75,7.112845801729289,5.629478414974049
198,2008-12-07 14:27:24,1228681644.0,aapl,"<td class=""yfnc_tabledata1"">N/A",94.0,-1.4984805616682455,845.22,-6.545631454412766,5.04715089274452
199,2013-08-11 02:30:32,1376206232.0,aapl,13.75,454.45,376.2129309441475,1697.48,87.6871365073749,288.52579443677257
200,2005-02-04 03:07:08,1107508028.0,aapl,0.0,77.81,-18.463795452163893,1203.03,33.01674001017227,-51.480535462336164
201,2011-09-24 05:43:35,1316861015.0,aapl,"<td class=""yfnc_tabledata1"">N/A",404.3,323.6613224352929,1166.76,29.006435063355525,294.6548873719374
202,2012-09-23 15:53:29,1348433609.0,aapl,"<td class=""yfnc_tabledata1"">N/A",700.09,633.6162632295924,1460.26,61.45817208818912,572.1580911414032
203,2005-01-26 15:16:47,1106774207.0,aapl,0.0,71.94,-24.614900974536315,1174.0699,29.814676809446937,-54.42957778398325
204,2011-11-03 17:19:46,1320358786.0,aapl,"<td class=""yfnc_tabledata1"">N/A",399.21,318.3275699465576,1261.15,39.44295791778158,278.884612028776
205,2008-01-23 06:28:45,1201091325.0,aapl,"<td class=""yfnc_tabledata1"">N/A",155.64,63.093366865765454,1338.6,48.006457176975296,15.086909688790158
206,2008-12-16 01:57:34,1229414254.0,aapl,"<td class=""yfnc_tabledata1"">N/A",94.75,-0.7125641831709177,913.18,0.9685765462948621,-1.6811407294657799
207,2007-02-19 17:27:55,1171927675.0,aapl,"<td class=""yfnc_tabledata1"">N/A",84.83,-11.107618149428909,1455.54,60.93629066141837,-72.04390881084728
208,2007-02-17 21:52:03,1171770723.0,aapl,"<td class=""yfnc_tabledata1"">N/A",84.83,-11.107618149428909,1455.3,60.90975431768426,-72.01737246711318
209,2009-01-12 07:25:12,1231766712.0,aapl,"<td class=""yfnc_tabledata1"">N/A",90.58,-5.082259247616062,870.26,-3.777006258154394,-1.3052529894616685
210,2006-01-25 09:43:52,1138203832.0,aapl,0.0,76.04,-20.318558105417583,1264.6801,39.8332743636806,-60.15183246909818
211,2006-02-07 09:17:30,1139325450.0,aapl,"
<td class=""yfnc_tabledata1"">0",67.3,-29.47710363617312,1254.78,38.73863912783884,-68.21574276401196
212,2009-01-01 01:31:55,1230795115.0,aapl,"<td class=""yfnc_tabledata1"">N/A",85.35,-10.562716127004098,869.42,-3.869883461223768,-6.69283266578033
213,2009-10-22 17:48:46,1256251726.0,aapl,"<td class=""yfnc_tabledata1"">N/A",204.211,113.9903594257571,1092.91,20.840980960173386,93.14937846558372
214,2005-03-01 10:36:03,1109694963.0,aapl,0.0,44.86,-52.991721680813164,1210.41,33.83273257999603,-86.8244542608092
215,2006-08-27 05:44:31,1156675471.0,bf-b,0.369,74.06,0.0,1296.0601,0.0,0.0
216,2006-11-01 07:49:57,1162388997.0,bf-b,0.342,72.19,-2.5249797461517747,1367.8101,5.536008708238144,-8.06098845438992
217,2007-02-13 20:12:58,1171419178.0,bf-b,0.315,65.85,-11.085606265190396,1444.26,11.434647205017736,-22.520253470208132
218,2008-06-16 10:57:59,1213631879.0,bf-b,0.599,77.59,4.766405617067244,1360.14,4.9442074484046055,-0.17780183133736127
219,2007-04-07 23:45:01,1176007501.0,bf-b,0.696,65.64,-11.369160140426683,1439.37,11.057349886783797,-22.42651002721048
220,2007-01-26 04:47:47,1169808467.0,bf-b,0.315,65.45,-11.62570888468809,1422.1801,9.731030219972062,-21.35673910466015
221,2013-02-16 01:09:21,1360998561.0,znga,5.48,3.2,0.0,1520.33,0.0,0.0
222,2011-12-21 06:08:03,1324469283.0,znga,"<td class=""yfnc_tabledata1"">N/A",9.24,188.75,1243.72,-18.194076286069468,206.94407628606947
223,2012-03-11 15:30:22,1331497822.0,znga,"<td class=""yfnc_tabledata1"">N/A",13.89,334.0625,1365.91,-10.157005386988342,344.2195053869883
224,2012-11-10 00:28:49,1352528929.0,znga,5.39,2.12,-33.75,1394.53,-8.274519347773177,-25.47548065222682
225,2011-12-30 04:26:37,1325240797.0,znga,"<td class=""yfnc_tabledata1"">N/A",9.37,192.81249999999997,1257.6,-17.281116599685596,210.09361659968556
226,2012-07-13 03:20:27,1342167627.0,znga,"<td class=""yfnc_tabledata1"">N/A",5.02,56.87499999999998,1356.78,-10.757532904040568,67.63253290404054
227,2012-11-01 16:37:56,1351805876.0,znga,5.39,2.21,-30.937500000000007,1427.59,-6.099991449224841,-24.837508550775166
228,2011-12-28 22:07:22,1325131642.0,znga,"<td class=""yfnc_tabledata1"">N/A",9.5,196.87499999999997,1249.64,-17.8046871402919,214.67968714029186
229,2013-04-22 02:07:08,1366614428.0,znga,5.48,3.19,-0.3125000000000072,1562.5,2.7737399117296953,-3.0862399117297024
230,2012-01-11 04:01:38,1326276098.0,znga,"<td class=""yfnc_tabledata1"">N/A",8.53,166.56249999999997,1292.48,-14.986877848888064,181.54937784888804
231,2012-03-19 05:12:28,1332151948.0,znga,"<td class=""yfnc_tabledata1"">N/A",13.03,307.18749999999994,1409.75,-7.273420902041,314.4609209020409
232,2013-05-10 05:43:27,1368182607.0,znga,5.37,3.21,0.31249999999999334,1633.7,7.4569336920273965,-7.144433692027404
233,2012-05-19 10:36:18,1337441778.0,pm,290.46,84.3,0.0,1324.8,0.0,0.0
234,2013-05-16 21:47:31,1368758851.0,pm,"<td class=""yfnc_tabledata1"">N/A",95.44,13.214709371293,1650.47,24.582578502415465,-11.367869131122465
235,2009-03-20 16:21:28,1237584088.0,pm,"<td class=""yfnc_tabledata1"">N/A",38.44,-54.40094899169632,768.54,-41.98822463768116,-12.412724354015161
236,2011-09-03 05:04:33,1315044273.0,pm,326.66,68.24,-19.051008303677346,1218.89,-7.9944142512077185,-11.056594052469627
237,2008-04-08 11:05:11,1207670711.0,pm,0.41,50.67,-39.8932384341637,1365.54,3.0751811594202905,-42.96841959358399
238,2008-12-18 18:44:35,1229647475.0,pm,0.958,42.66,-49.395017793594306,885.28,-33.17632850241546,-16.218689291178848
239,2012-03-04 01:58:36,1330847916.0,pm,51.9,84.55,0.29655990510083036,1374.09,3.720561594202896,-3.4240016891020653
240,2011-11-28 11:20:08,1322500808.0,pm,486.02,71.31,-15.40925266903914,1192.55,-9.98263888888889,-5.42661378015025
241,2008-10-28 19:14:01,1225239241.0,pm,0.958,40.76,-51.648873072360615,940.51,-29.007397342995166,-22.64147572936545
242,2008-04-27 01:50:41,1209279041.0,pm,0.41,51.3,-39.14590747330961,1388.8199,4.832419987922706,-43.97832746123232
243,2009-07-05 21:05:58,1246845958.0,pm,"<td class=""yfnc_tabledata1"">N/A",42.94,-49.06287069988138,896.42,-32.335446859903385,-16.727423839977995
244,2008-12-07 05:52:38,1228650758.0,pm,0.958,42.36,-49.7508896797153,845.22,-36.20018115942029,-13.55070852029501
245,2011-12-22 03:21:08,1324545668.0,tel,35.66,30.6,0.0,1254.0,0.0,0.0
246,2013-05-09 22:32:40,1368156760.0,tel,39.18,44.5,45.424836601307184,1626.67,29.718500797448172,15.706335803859012
247,2013-04-23 04:29:25,1366709365.0,tel,37.35,39.55,29.24836601307188,1578.78,25.89952153110048,3.348844481971401
248,2012-01-28 15:15:06,1327785306.0,tel,35.66,34.3,12.091503267973842,1326.0601,5.74641945773524,6.345083810238601
249,2011-12-29 20:10:30,1325211030.0,tel,35.66,31.0,1.3071895424836555,1263.02,0.7192982456140337,0.5878912968696218
250,2012-01-28 06:07:04,1327752424.0,tel,35.66,34.3,12.091503267973842,1326.0601,5.74641945773524,6.345083810238601
251,2005-03-09 20:00:19,1110420019.0,pll,0.531,27.17,0.0,1207.01,0.0,0.0
252,2012-11-04 04:49:15,1352026155.0,pll,46.1,63.95,135.3698932646301,1427.59,18.27491072981996,117.09498253481013
253,2005-04-04 22:27:11,1112671631.0,pll,0.531,26.9,-0.9937430990062683,1176.12,-2.5592165764989603,1.565473477492692
254,2005-08-16 23:35:02,1124253302.0,pll,0.509,29.01,6.772175193227824,1219.34,1.0215325473691128,5.750642645858711
255,2008-06-24 16:11:21,1214341881.0,pll,0.669,41.865002,54.08539565697459,1314.29,8.88807880630649,45.1973168506681
256,2005-01-19 10:07:37,1106150857.0,pll,0.532,27.3,0.47846889952152744,1184.63,-1.8541685652977096,2.332637464819237
257,2004-09-16 23:12:51,1095394371.0,pll,0.52,24.25,-10.747147589252858,1123.5,-6.91874963753407,-3.828397951718788
258,2013-04-25 02:16:56,1366874216.0,pll,41.67,65.81,142.2156790577843,1585.16,31.32948359997018,110.88619545781413
259,2003-10-26 16:19:18,1067206758.0,pll,0.592,23.11,-14.942951785057057,1033.77,-14.35282226327868,-0.5901295217783762
260,2004-11-26 13:51:32,1101498692.0,pll,0.52,27.94,2.8340080971659902,1182.65,-2.018210288232898,4.8522183853988885
261,2012-11-06 15:56:47,1352239007.0,cmcsa,58.26,37.29,0.0,1428.39,0.0,0.0
262,2004-11-15 20:17:57,1100571477.0,cmcsa,0.612,29.9,-19.817645481362298,1183.8101,-17.12276759148413,-2.6948778898781676
263,2013-01-18 21:46:35,1358567195.0,cmcsa,58.26,40.26,7.964601769911502,1485.98,4.03181204012909,3.932789729782412
264,2012-04-08 18:20:20,1333927220.0,cmcsa,61.74,29.56,-20.72941807455082,1398.08,-2.121969490125258,-18.607448584425562
265,2013-05-15 12:06:08,1368637568.0,cmcsa,95.4,43.33,16.197371949584337,1658.78,16.12934842725025,0.06802352233408726
266,2005-02-04 08:38:35,1107527915.0,cmcsa,0.57,32.11,-13.8911236256369,1203.03,-15.777203704870526,1.8860800792336256
267,2009-06-21 00:31:43,1245562303.0,cmcsa,"<td class=""yfnc_tabledata1"">N/A",13.87,-62.80504156610351,918.37,-35.70593465370103,-27.099106912402483
268,2007-01-26 11:58:03,1169834283.0,cmcsa,0.668,43.49,16.626441405202474,1422.1801,-0.4347482130230582,17.061189618225534
269,2012-07-16 21:38:22,1342492702.0,cmcsa,59.06,31.83,-14.641995172968628,1353.64,-5.233164611905711,-9.408830561062917
270,2004-01-25 04:19:48,1075025988.0,cmcsa,0.737,35.46,-4.907481898632337,1143.9399,-19.914036082582488,15.00655418395015
271,2008-02-20 01:37:24,1203493044.0,cmcsa,0.743,20.47,-45.10592652185573,1360.03,-4.785807797590302,-40.32011872426543
272,2006-10-23 13:36:38,1161628598.0,cmcsa,0.604,37.98,1.8503620273531716,1377.02,-3.5963567373056455,5.446718764658817
273,2003-10-27 05:20:06,1067253606.0,cmcsa,0.849,32.15,-13.78385626173237,1031.13,-27.811732089975422,14.027875828243053
274,2011-09-04 02:03:53,1315119833.0,cmcsa,63.38,21.0,-43.68463395012068,1204.42,-15.67989134620097,-28.00474260391971
275,2005-04-04 10:24:15,1112628255.0,cmcsa,0.57,33.39,-10.458567980691871,1176.12,-17.661142965156586,7.2025749844647144
276,2012-11-23 11:50:58,1353693058.0,cmcsa,58.26,36.49,-2.1453472780906333,1409.15,-1.3469710653252969,-0.7983762127653364
277,2012-02-05 02:17:01,1328429821.0,cmcsa,65.2,27.15,-27.19227674979888,1325.54,-7.200414452635494,-19.991862297163387
278,2008-01-25 16:37:59,1201300679.0,cmcsa,0.743,17.3022,-53.60096540627515,1330.61,-6.845469374610589,-46.75549603166456
279,2012-11-17 00:08:02,1353132482.0,cmcsa,58.26,35.45,-4.934298739608464,1355.49,-5.103648163316747,0.1693494237082831
280,2008-12-18 04:30:47,1229596247.0,grmn,"<td class=""yfnc_tabledata1"">N/A",20.0,0.0,885.28,0.0,0.0
281,2008-04-08 05:30:21,1207650621.0,grmn,"<td class=""yfnc_tabledata1"">N/A",52.7,163.50000000000003,1365.54,54.24950298210736,109.25049701789267
282,2012-11-13 17:00:03,1352847603.0,grmn,"<td class=""yfnc_tabledata1"">N/A",36.26,81.3,1374.53,55.26500090366889,26.034999096331106
283,2007-02-26 07:22:13,1172496133.0,grmn,0.0,57.49,187.45000000000002,1449.37,63.71882342309777,123.73117657690224
284,2005-04-30 07:02:42,1114862562.0,grmn,0.0,39.5,97.5,1156.38,30.623079703596616,66.87692029640338
285,2011-10-01 12:12:35,1317489155.0,grmn,"<td class=""yfnc_tabledata1"">N/A",31.77,58.85,1151.0601,30.02215118380625,28.82784881619375
286,2006-06-18 15:29:28,1150662568.0,grmn,"<td class=""yfnc_tabledata1"">N/A",93.01,365.05,1256.16,41.89409000542202,323.155909994578
287,2005-05-27 23:07:18,1117253238.0,grmn,0.0,44.34,121.7,1198.78,35.412524850894634,86.28747514910538
288,2007-05-24 20:57:57,1180058277.0,grmn,0.0,60.87,204.35,1507.51,70.28623712271825,134.06376287728176
289,2007-10-11 02:43:36,1192088616.0,grmn,"<td class=""yfnc_tabledata1"">N/A",111.54,457.7,1554.41,75.58399602385687,382.11600397614313
290,2008-12-21 16:35:43,1229898943.0,grmn,"<td class=""yfnc_tabledata1"">N/A",19.45,-2.7500000000000036,885.28,0.0,-2.7500000000000036
291,2005-03-06 00:45:11,1110091511.0,grmn,0.0,51.93,159.65,1210.47,36.733011024760536,122.91698897523946
292,2013-04-29 12:34:10,1367256850.0,grmn,"<td class=""yfnc_tabledata1"">N/A",34.72,73.6,1593.61,80.01197361286823,-6.411973612868238
293,2012-11-17 10:18:14,1353169094.0,grmn,"<td class=""yfnc_tabledata1"">N/A",37.18,85.9,1355.49,53.11426893186337,32.785731068136634
294,2005-02-05 15:06:29,1107637589.0,grmn,0.0,56.96,184.8,1193.1899,34.78107491415147,150.01892508584854
295,2007-04-24 19:00:25,1177459225.0,grmn,0.0,54.89,174.45,1480.41,67.22505873847824,107.22494126152175
296,2007-04-10 20:12:41,1176253961.0,grmn,0.0,53.51,167.55,1448.39,63.60812398337251,103.9418760166275
297,2007-06-25 04:54:50,1182765290.0,grmn,0.0,70.83,254.15,1497.74,69.18263148382434,184.96736851617567
298,2007-05-28 18:16:11,1180394171.0,grmn,0.0,60.09,200.45000000000002,1515.73,71.21475691306706,129.23524308693294
299,2010-01-24 09:35:28,1264347328.0,grmn,"<td class=""yfnc_tabledata1"">N/A",33.42,67.10000000000001,1116.48,26.11603108621002,40.983968913789994
300,2013-02-06 17:50:30,1360194630.0,grmn,"<td class=""yfnc_tabledata1"">N/A",37.96,89.8,1512.12,70.80697632387492,18.993023676125077
301,2012-11-04 03:49:51,1352022591.0,grmn,"<td class=""yfnc_tabledata1"">N/A",37.5,87.5,1427.59,61.2585848545093,26.2414151454907
302,2006-05-18 05:19:22,1147947562.0,grmn,"
<td class=""yfnc_tabledata1"">N/A",87.8,338.99999999999994,1261.8101,42.532317458883064,296.46768254111686
303,2004-10-27 04:52:33,1098870753.0,grmn,0.0,47.71,138.54999999999998,1125.4,27.123621904934048,111.42637809506593
304,2012-08-21 19:00:52,1345593652.0,grmn,"<td class=""yfnc_tabledata1"">N/A",41.58,107.89999999999999,1413.17,59.62972166998013,48.27027833001986
305,2012-01-01 07:13:18,1325423598.0,grmn,"<td class=""yfnc_tabledata1"">N/A",39.81,99.05000000000001,1263.02,42.668986083499014,56.381013916501
306,2007-02-25 08:31:59,1172413919.0,grmn,0.0,57.49,187.45000000000002,1456.38,64.51066329296947,122.93933670703055
307,2012-10-14 21:43:01,1350268981.0,se,124.91,29.03,0.0,1432.84,0.0,0.0
308,2005-04-01 00:00:37,1112335237.0,se,2.856,24.02,-17.25800895625216,1172.92,-18.14019709109181,0.8821881348396516
309,2005-01-29 23:08:07,1107061687.0,se,2.914,24.0,-17.326903203582507,1174.0699,-18.05994388766366,0.7330406840811534
310,2013-04-22 03:39:09,1366619949.0,se,127.17,30.57,5.304857044436787,1562.5,9.049161106613447,-3.74430406217666
311,2012-07-23 11:16:34,1343060194.0,se,124.63,30.41,4.753703065794002,1350.52,-5.745233243069704,10.498936308863705
312,2007-12-31 03:00:29,1199091629.0,se,1.416,25.98,-10.50637271787806,1468.36,2.478992769604421,-12.98536548748248
313,2011-04-18 18:17:23,1303168643.0,se,129.67,26.94,-7.199448846021357,1305.14,-8.912369838921292,1.7129209928999343
314,2013-06-04 14:30:44,1370374244.0,se,143.53,30.83,6.200482259731302,1631.38,13.856397085508515,-7.655914825777213
315,2011-04-17 12:48:24,1303062504.0,se,129.67,27.48,-5.339304168101966,1314.52,-8.257725914966077,2.9184217468641105
316,2004-10-20 14:13:35,1098299615.0,se,3.657,20.93,-27.902170168790907,1103.66,-22.973953825967996,-4.92821634282291
317,2012-11-08 01:42:52,1352360572.0,se,129.08,27.79,-4.271443334481577,1377.51,-3.861561653778505,-0.40988168070307207
318,2004-06-19 14:49:29,1087674569.0,agn,0.695,91.42,0.0,1133.5601,0.0,0.0
319,2008-02-16 18:44:49,1203209089.0,agn,0.436,63.89,-30.11376066506235,1367.21,20.612043419665188,-50.72580408472754
320,2007-02-20 16:30:00,1172010600.0,agn,0.544,113.32,23.95537081601399,1459.6801,28.76953767162413,-4.814166855610139
321,2013-04-22 02:49:52,1366616992.0,agn,26.63,113.74,24.414788886458098,1562.5,37.84006688308808,-13.42527799662998
322,2013-05-12 05:08:18,1368353298.0,agn,40.37,104.18,13.95755852111136,1626.67,43.50099302189625,-29.54343450078489
323,2006-06-21 09:29:01,1150900141.0,agn,0.47,104.14,13.913804419164293,1252.2,10.466132320641854,3.447672098522439
324,2007-04-06 22:28:10,1175916490.0,agn,0.544,113.52,24.174141325749282,1437.77,26.836680295998427,-2.6625389702491447
325,2003-11-17 22:46:03,1069130763.0,agn,0.739,76.65,-16.15620214395099,1043.63,-7.933421439233775,-8.222780704717213
326,2004-11-02 14:09:49,1099426189.0,agn,0.637,72.5,-20.695690220958216,1130.5601,-0.2646529284155291,-20.431037292542687
327,2005-04-04 23:20:33,1112674833.0,agn,0.522,69.07,-24.447604462918406,1176.12,3.7545340560240232,-28.20213851894243
328,2005-03-10 01:40:57,1110440457.0,agn,0.522,75.47,-17.446948151389197,1209.25,6.677184562159526,-24.124132713548722
329,2012-08-11 08:06:33,1344690393.0,agn,28.52,85.61,-6.35528330781011,1402.22,23.700543094274412,-30.05582640208452
330,2005-08-29 12:42:47,1125337367.0,agn,0.51,92.83,1.5423320936337743,1212.28,6.944484019859208,-5.402151926225433
331,2008-05-17 08:24:31,1211030671.0,agn,0.429,54.11,-40.81163859111792,1408.66,24.268664713939753,-65.08030330505767
332,2004-08-10 02:33:38,1092123218.0,agn,0.637,69.32,-24.1741413257493,1079.04,-4.809634707502492,-19.364506618246807
333,2008-01-23 23:06:53,1201151213.0,agn,0.449,65.01,-28.888645810544734,1338.6,18.088136659009084,-46.97678246955382
334,2012-08-22 22:58:41,1345694321.0,agn,28.52,85.43,-6.5521767665718595,1413.49,24.69475592868875,-31.24693269526061
335,2007-12-18 09:39:43,1197992383.0,cah,0.528,58.16,0.0,1454.98,0.0,0.0
336,2007-06-08 15:38:03,1181335083.0,cah,0.406,72.03,23.848005502063284,1507.67,3.621355620008526,20.226649882054758
337,2004-08-09 03:26:28,1092039988.0,cah,0.331,44.01,-24.329436038514444,1065.22,-26.787997085870597,2.4585610473561523
338,2011-08-17 19:47:33,1313628453.0,cah,42.78,41.89,-27.974552957359005,1193.89,-17.944576557753365,-10.02997639960564
339,2009-07-05 09:34:43,1246804483.0,cah,"<td class=""yfnc_tabledata1"">N/A",29.89,-48.60729023383769,896.42,-38.38953112757564,-10.21775910626205
340,2007-01-14 06:31:22,1168777882.0,cah,0.349,66.92,15.061898211829448,1423.8199,-2.141617066901267,17.203515278730713
341,2006-10-23 12:36:46,1161625006.0,cah,0.333,65.69,12.947042640990375,1377.02,-5.358149252910695,18.30519189390107
342,2005-01-25 11:55:39,1106675739.0,cah,0.396,54.1,-6.980742778541946,1168.41,-19.6958033787406,12.715060600198655
343,2009-02-02 08:41:27,1233585687.0,cah,0.475,37.65,-35.26478679504814,825.44,-43.267948700325775,8.003161905277636
344,2007-05-30 02:17:23,1180509443.0,cah,0.406,72.66,24.931224209078408,1530.23,5.171892397146353,19.759331811932057
345,2007-04-05 16:09:41,1175807381.0,cah,0.335,74.3225,27.789718019257236,1443.76,-0.7711446205446141,28.56086263980185
346,2005-03-08 20:25:26,1110335126.0,cah,0.329,57.65,-0.8768913342503406,1219.4301,-16.189219095795128,15.312327761544788
347,2004-10-13 12:20:39,1097688039.0,cah,0.331,42.25,-27.355570839064647,1113.65,-23.459428995587565,-3.896141843477082
348,2004-07-15 07:35:28,1089894928.0,cah,0.331,50.21,-13.66918844566712,1106.6899,-23.937792959353388,10.268604513686268
349,2004-05-22 00:33:10,1085203990.0,cah,0.331,66.7,14.683631361760671,1088.6801,-25.175596915421515,39.85922827718218
350,2013-04-25 03:34:17,1366878857.0,cah,44.28,44.39,-23.67606602475928,1585.16,8.947202023395514,-32.62326804815479
351,2005-05-27 11:11:07,1117210267.0,cah,0.333,58.13,-0.05158184319118644,1198.78,-17.6084894637727,17.556907620581512
352,2006-09-22 22:03:56,1158980636.0,cah,0.333,66.85,14.941540577716642,1314.78,-9.63587128345407,24.577411861170713
353,2004-01-30 08:27:25,1075472845.0,cah,0.359,64.0,10.041265474552965,1131.13,-22.258037911174032,32.299303385727
354,2007-02-28 09:57:17,1172678237.0,cah,0.335,70.37,20.99381017881707,1406.8199,-3.3100180071203766,24.303828185937448
355,2006-06-24 13:49:34,1151174974.0,cbg,0.791,22.79,0.0,1252.2,0.0,0.0
356,2012-06-10 10:07:46,1339340866.0,cbg,235.33,16.24,-28.740675734971482,1314.99,5.014374700527069,-33.75505043549855
357,2005-02-10 04:35:56,1108031756.0,cbg,1.38,36.75,61.25493637560334,1197.01,-4.407442900495133,65.66237927609848
358,2007-06-11 10:07:44,1181574464.0,cbg,2.112,36.62,60.68451075032909,1509.12,20.517489218974593,40.16702153135449
359,2004-09-11 05:09:14,1094897354.0,cbg,2.237,22.36,-1.8867924528301876,1116.27,-10.85529468136081,8.968502228530623
360,2006-02-02 22:56:16,1138942576.0,cbg,1.076,69.06,203.02764370337871,1270.84,1.4885800990257045,201.539063604353
361,2013-05-09 12:41:59,1368121319.0,cbg,187.72,24.57,7.810443176831949,1626.67,29.90496725762658,-22.09452408079463
362,2012-11-04 01:53:18,1352015598.0,cbg,219.81,17.55,-22.992540587977178,1427.59,14.006548474684543,-36.999089062661724
363,2006-10-23 12:38:38,1161625118.0,cbg,0.461,25.5,11.89118034225538,1377.02,9.968056221050944,1.9231241212044363
364,2007-03-20 14:42:32,1174419752.0,cbg,2.12,34.43,51.075032909170694,1410.9399,12.676880689985628,38.398152219185064
365,2013-04-22 01:19:16,1366611556.0,cbg,223.06,23.83,4.563405002193941,1562.5,24.78038651972528,-20.216981517531337
366,2011-08-19 11:09:39,1313770179.0,cbg,221.32,14.6,-35.93681439227731,1123.53,-10.275515093435558,-25.661299298841755
367,2013-06-21 23:32:03,1371875523.0,wpx,30.23,19.12,0.0,1592.4301,0.0,0.0
368,2013-06-21 19:06:36,1371859596.0,wpx,30.23,19.19,0.36610878661088014,1592.4301,0.0,0.36610878661088014
369,2013-06-27 14:49:04,1372362544.0,wpx,30.23,19.63,2.6673640167363915,1613.2,1.3042895885979553,1.3630744281384362
370,2005-02-05 06:22:55,1107606175.0,trow,0.0,60.01,0.0,1193.1899,0.0,0.0
371,2013-04-23 03:43:51,1366706631.0,trow,"<td class=""yfnc_tabledata1"">N/A",74.99,24.9625062489585,1578.78,32.31590378027838,-7.353397531319882
372,2007-04-08 13:26:56,1176056816.0,trow,"<td class=""yfnc_tabledata1"">N/A",48.46,-19.24679220129978,1443.76,21.0000185217793,-40.24681072307908
373,2013-05-09 12:23:50,1368120230.0,trow,"<td class=""yfnc_tabledata1"">N/A",74.86,24.74587568738544,1626.67,36.329514689991925,-11.583639002606485
374,2006-11-01 13:23:51,1162409031.0,trow,"<td class=""yfnc_tabledata1"">N/A",47.31,-21.163139476753866,1367.8101,14.634736683573992,-35.79787616032786
375,2007-02-24 21:19:34,1172373574.0,trow,"<td class=""yfnc_tabledata1"">N/A",48.44,-19.280119980003334,1457.63,22.162448743490035,-41.442568723493366
376,2008-02-05 15:56:37,1202248597.0,trow,"<td class=""yfnc_tabledata1"">N/A",50.66,-15.580736543909351,1336.64,12.02240313968464,-27.60313968359399
377,2010-02-02 03:23:27,1265102607.0,trow,"<td class=""yfnc_tabledata1"">N/A",51.03,-14.96417263789368,1103.3199,-7.531910888618828,-7.432261749274852
378,2006-02-22 00:55:48,1140591348.0,trow,"
<td class=""yfnc_tabledata1"">0",75.43,25.695717380436612,1292.67,8.337323338053732,17.35839404238288
379,2006-08-18 23:32:08,1155961928.0,trow,"<td class=""yfnc_tabledata1"">N/A",43.94,-26.77887018830195,1302.3,9.144403585715892,-35.923273774017844
380,2007-01-26 04:50:24,1169808624.0,trow,"<td class=""yfnc_tabledata1"">N/A",47.31,-21.163139476753866,1422.1801,19.19142962909759,-40.35456910585145
381,2004-09-25 06:47:42,1096112862.0,trow,0.0,50.89,-15.197467088818525,1113.5601,-6.673690415917881,-8.523776672900645
382,2009-02-03 21:20:51,1233717651.0,trow,"<td class=""yfnc_tabledata1"">N/A",26.57,-55.72404599233462,838.51,-29.725352184090738,-25.99869380824388
383,2005-01-13 13:27:41,1105644461.0,hrs,0.308,57.69,0.0,1177.45,0.0,0.0
384,2004-08-10 05:14:48,1092132888.0,hrs,0.322,45.77,-20.662159819726114,1079.04,-8.357892054864333,-12.30426776486178
385,2011-10-20 07:46:18,1319114778.0,hrs,82.49,35.79,-37.96151846073843,1215.39,3.2222175039279843,-41.18373596466642
386,2008-06-24 16:35:12,1214343312.0,hrs,0.41,51.9,-10.036401456058242,1314.29,11.621724914009079,-21.658126370067322
387,2010-04-14 06:46:20,1271245580.0,hrs,"<td class=""yfnc_tabledata1"">N/A",49.15,-14.803258797018545,1210.65,2.8196526391778884,-17.622911436196432
388,2012-07-28 11:41:32,1343493692.0,hrs,117.67,42.51,-26.313052522100882,1337.89,13.626056308123491,-39.93910883022437
389,2010-09-25 07:08:51,1285416531.0,hrs,55.14,45.37,-21.35552088750217,1134.28,-3.666397723894864,-17.689123163607306
390,2007-03-21 08:58:39,1174485519.0,hrs,0.389,49.17,-14.768590743629739,1435.04,21.876937449573223,-36.64552819320296
391,2008-02-09 02:06:45,1202544405.0,hrs,0.45,54.82,-4.974865661293114,1326.45,12.654465157756167,-17.62933081904928
392,2008-04-15 00:01:02,1208235662.0,hrs,0.45,48.69,-15.600624024960998,1334.4301,13.332209435644824,-28.93283346060582
393,2007-03-19 19:30:27,1174350627.0,hrs,0.389,48.4,-16.10331079909863,1402.0601,19.07597774852434,-35.179288547622974
394,2012-11-18 17:15:45,1353280545.0,hrs,106.73,46.42,-19.535448084590044,1353.33,14.937364643933915,-34.47281272852396
395,2013-05-13 02:02:15,1368428535.0,hrs,114.84,48.79,-15.427283758016985,1633.77,38.75493651535096,-54.182220273367946
396,2007-06-08 15:39:14,1181335154.0,hrs,0.366,51.34,-11.007106950944696,1507.67,28.045352244256655,-39.05245919520135
397,2012-11-14 06:40:34,1352896834.0,hrs,106.73,47.94,-16.90067602704108,1355.49,15.120811924073205,-32.02148795111428
398,2005-01-19 17:22:30,1106176950.0,px,0.857,42.16,0.0,1184.63,0.0,0.0
399,2007-06-04 17:06:04,1180994764.0,px,0.836,69.19,64.11290322580646,1539.1801,29.92918463992976,34.183718585876704
400,2007-05-27 21:41:55,1180320115.0,px,0.836,68.84,63.28273244781786,1507.51,27.255767623646186,36.02696482417167
401,2005-03-19 09:18:40,1111245520.0,px,0.977,47.9,13.614800759013287,1188.0699,0.29037758625054677,13.32442317276274
402,2003-12-14 17:25:13,1071444313.0,px,1.029,74.4,76.47058823529414,1071.21,-9.574297459966408,86.04488569526055
403,2013-05-10 12:17:11,1368206231.0,px,127.95,114.23,170.9440227703985,1633.7,37.908038796923925,133.03598397347457
404,2007-07-12 08:33:08,1184247188.0,px,0.836,74.0,75.52182163187857,1547.7,30.648388104302597,44.87343352757597
405,2005-09-12 06:32:19,1126524739.0,px,0.871,48.95,16.10531309297914,1240.5601,4.721313827946262,11.38399926503288
406,2006-06-27 20:12:23,1151457143.0,px,0.826,51.79,22.84155597722961,1239.2,4.606501608097037,18.235054369132573
407,2008-01-25 10:58:34,1201280314.0,px,0.823,77.67,84.22675521821634,1330.61,12.322834978009993,71.90392024020635
408,2005-09-04 22:45:44,1125891944.0,px,0.871,47.9,13.614800759013287,1221.59,3.119961506968404,10.494839252044883
409,2008-12-09 23:10:27,1228885827.0,px,1.011,56.95,35.08064516129034,888.67,-24.983328127769862,60.0639732890602
410,2008-05-24 21:10:03,1211681403.0,px,0.878,91.81,117.76565464895639,1390.71,17.396149008551184,100.36950564040521
411,2013-04-22 02:13:48,1366614828.0,px,110.33,109.75,160.31783681214424,1562.5,31.897723339776963,128.42011347236726
412,2005-04-10 04:31:32,1113125492.0,px,0.977,48.43,14.871916508538908,1191.14,0.5495386745228459,14.322377834016061
413,2012-11-04 11:00:48,1352048448.0,px,108.3,109.7,160.19924098671729,1427.59,20.5093573520846,139.68988363463268
414,2011-10-11 09:44:36,1318344276.0,px,90.38,101.96,141.8406072106262,1195.54,0.9209626634476464,140.91964454717854
